date,active_ticker,portfolio_value,daily_return,drawdown
2022-05-02,,100000.0,0.0,0.0
2022-05-03,,100000.0,0.0,0.0
2022-05-04,,100000.0,0.0,0.0
2022-05-05,,100000.0,0.0,0.0
2022-05-06,,100000.0,0.0,0.0
2022-05-09,,100000.0,0.0,0.0
2022-05-10,,100000.0,0.0,0.0
2022-05-11,,100000.0,0.0,0.0
2022-05-12,,100000.0,0.0,0.0
2022-05-13,,100000.0,0.0,0.0
2022-05-16,,100000.0,0.0,0.0
2022-05-17,,100000.0,0.0,0.0
2022-05-18,,100000.0,0.0,0.0
2022-05-19,,100000.0,0.0,0.0
2022-05-20,,100000.0,0.0,0.0
2022-05-23,,100000.0,0.0,0.0
2022-05-24,,100000.0,0.0,0.0
2022-05-25,,100000.0,0.0,0.0
2022-05-26,,100000.0,0.0,0.0
2022-05-27,,100000.0,0.0,0.0
2022-05-31,,100000.0,0.0,0.0
2022-06-01,,100000.0,0.0,0.0
2022-06-02,,100000.0,0.0,0.0
2022-06-03,,100000.0,0.0,0.0
2022-06-06,,100000.0,0.0,0.0
2022-06-07,,100000.0,0.0,0.0
2022-06-08,,100000.0,0.0,0.0
2022-06-09,,100000.0,0.0,0.0
2022-06-10,,100000.0,0.0,0.0
2022-06-13,,100000.0,0.0,0.0
2022-06-14,,100000.0,0.0,0.0
2022-06-15,,100000.0,0.0,0.0
2022-06-16,,100000.0,0.0,0.0
2022-06-17,,100000.0,0.0,0.0
2022-06-21,,100000.0,0.0,0.0
2022-06-22,,100000.0,0.0,0.0
2022-06-23,,100000.0,0.0,0.0
2022-06-24,,100000.0,0.0,0.0
2022-06-27,,100000.0,0.0,0.0
2022-06-28,,100000.0,0.0,0.0
2022-06-29,,100000.0,0.0,0.0
2022-06-30,,100000.0,0.0,0.0
2022-07-01,,100000.0,0.0,0.0
2022-07-05,,100000.0,0.0,0.0
2022-07-06,,100000.0,0.0,0.0
2022-07-07,,100000.0,0.0,0.0
2022-07-08,,100000.0,0.0,0.0
2022-07-11,,100000.0,0.0,0.0
2022-07-12,,100000.0,0.0,0.0
2022-07-13,,100000.0,0.0,0.0
2022-07-14,,100000.0,0.0,0.0
2022-07-15,,100000.0,0.0,0.0
2022-07-18,,100000.0,0.0,0.0
2022-07-19,,100000.0,0.0,0.0
2022-07-20,,100000.0,0.0,0.0
2022-07-21,,100000.0,0.0,0.0
2022-07-22,,100000.0,0.0,0.0
2022-07-25,,100000.0,0.0,0.0
2022-07-26,,100000.0,0.0,0.0
2022-07-27,,100000.0,0.0,0.0
2022-07-28,,100000.0,0.0,0.0
2022-07-29,,100000.0,0.0,0.0
2022-08-01,,100000.0,0.0,0.0
2022-08-02,,100000.0,0.0,0.0
2022-08-03,,100000.0,0.0,0.0
2022-08-04,,100000.0,0.0,0.0
2022-08-05,,100000.0,0.0,0.0
2022-08-08,,100000.0,0.0,0.0
2022-08-09,,100000.0,0.0,0.0
2022-08-10,,100000.0,0.0,0.0
2022-08-11,,100000.0,0.0,0.0
2022-08-12,,100000.0,0.0,0.0
2022-08-15,,100000.0,0.0,0.0
2022-08-16,,100000.0,0.0,0.0
2022-08-17,,100000.0,0.0,0.0
2022-08-18,,100000.0,0.0,0.0
2022-08-19,,100000.0,0.0,0.0
2022-08-22,,100000.0,0.0,0.0
2022-08-23,,100000.0,0.0,0.0
2022-08-24,,100000.0,0.0,0.0
2022-08-25,,100000.0,0.0,0.0
2022-08-26,,100000.0,0.0,0.0
2022-08-29,,100000.0,0.0,0.0
2022-08-30,,100000.0,0.0,0.0
2022-08-31,,100000.0,0.0,0.0
2022-09-01,,100000.0,0.0,0.0
2022-09-02,,100000.0,0.0,0.0
2022-09-06,,100000.0,0.0,0.0
2022-09-07,,100000.0,0.0,0.0
2022-09-08,,100000.0,0.0,0.0
2022-09-09,,100000.0,0.0,0.0
2022-09-12,,100000.0,0.0,0.0
2022-09-13,,100000.0,0.0,0.0
2022-09-14,,100000.0,0.0,0.0
2022-09-15,,100000.0,0.0,0.0
2022-09-16,,100000.0,0.0,0.0
2022-09-19,,100000.0,0.0,0.0
2022-09-20,,100000.0,0.0,0.0
2022-09-21,,100000.0,0.0,0.0
2022-09-22,,100000.0,0.0,0.0
2022-09-23,,100000.0,0.0,0.0
2022-09-26,,100000.0,0.0,0.0
2022-09-27,,100000.0,0.0,0.0
2022-09-28,,100000.0,0.0,0.0
2022-09-29,,100000.0,0.0,0.0
2022-09-30,,100000.0,0.0,0.0
2022-10-03,,100000.0,0.0,0.0
2022-10-04,,100000.0,0.0,0.0
2022-10-05,,100000.0,0.0,0.0
2022-10-06,,100000.0,0.0,0.0
2022-10-07,,100000.0,0.0,0.0
2022-10-10,,100000.0,0.0,0.0
2022-10-11,,100000.0,0.0,0.0
2022-10-12,,100000.0,0.0,0.0
2022-10-13,,100000.0,0.0,0.0
2022-10-14,,100000.0,0.0,0.0
2022-10-17,,100000.0,0.0,0.0
2022-10-18,,100000.0,0.0,0.0
2022-10-19,,100000.0,0.0,0.0
2022-10-20,,100000.0,0.0,0.0
2022-10-21,,100000.0,0.0,0.0
2022-10-24,,100000.0,0.0,0.0
2022-10-25,,100000.0,0.0,0.0
2022-10-26,,100000.0,0.0,0.0
2022-10-27,,100000.0,0.0,0.0
2022-10-28,,100000.0,0.0,0.0
2022-10-31,,100000.0,0.0,0.0
2022-11-01,,100000.0,0.0,0.0
2022-11-02,,100000.0,0.0,0.0
2022-11-03,,100000.0,0.0,0.0
2022-11-04,,100000.0,0.0,0.0
2022-11-07,,100000.0,0.0,0.0
2022-11-08,,100000.0,0.0,0.0
2022-11-09,,100000.0,0.0,0.0
2022-11-10,,100000.0,0.0,0.0
2022-11-11,,100000.0,0.0,0.0
2022-11-14,,100000.0,0.0,0.0
2022-11-15,,100000.0,0.0,0.0
2022-11-16,,100000.0,0.0,0.0
2022-11-17,,100000.0,0.0,0.0
2022-11-18,,100000.0,0.0,0.0
2022-11-21,,100000.0,0.0,0.0
2022-11-22,,100000.0,0.0,0.0
2022-11-23,,100000.0,0.0,0.0
2022-11-25,,100000.0,0.0,0.0
2022-11-28,,100000.0,0.0,0.0
2022-11-29,,100000.0,0.0,0.0
2022-11-30,,100000.0,0.0,0.0
2022-12-01,,100000.0,0.0,0.0
2022-12-02,,100000.0,0.0,0.0
2022-12-05,,100000.0,0.0,0.0
2022-12-06,,100000.0,0.0,0.0
2022-12-07,,100000.0,0.0,0.0
2022-12-08,,100000.0,0.0,0.0
2022-12-09,,100000.0,0.0,0.0
2022-12-12,,100000.0,0.0,0.0
2022-12-13,,100000.0,0.0,0.0
2022-12-14,,100000.0,0.0,0.0
2022-12-15,,100000.0,0.0,0.0
2022-12-16,,100000.0,0.0,0.0
2022-12-19,,100000.0,0.0,0.0
2022-12-20,,100000.0,0.0,0.0
2022-12-21,,100000.0,0.0,0.0
2022-12-22,,100000.0,0.0,0.0
2022-12-23,,100000.0,0.0,0.0
2022-12-27,,100000.0,0.0,0.0
2022-12-28,,100000.0,0.0,0.0
2022-12-29,,100000.0,0.0,0.0
2022-12-30,,100000.0,0.0,0.0
2023-01-03,,100000.0,0.0,0.0
2023-01-04,,100000.0,0.0,0.0
2023-01-05,,100000.0,0.0,0.0
2023-01-06,,100000.0,0.0,0.0
2023-01-09,,100000.0,0.0,0.0
2023-01-10,,100000.0,0.0,0.0
2023-01-11,,100000.0,0.0,0.0
2023-01-12,,100000.0,0.0,0.0
2023-01-13,,100000.0,0.0,0.0
2023-01-17,,100000.0,0.0,0.0
2023-01-18,,100000.0,0.0,0.0
2023-01-19,,100000.0,0.0,0.0
2023-01-20,,100000.0,0.0,0.0
2023-01-23,,100000.0,0.0,0.0
2023-01-24,,100000.0,0.0,0.0
2023-01-25,,100000.0,0.0,0.0
2023-01-26,,100000.0,0.0,0.0
2023-01-27,PCG,100893.86348456207,0.00893863484562063,0.0
2023-01-30,PCG,99574.57884373031,-0.013075965130759593,-0.013075965130759593
2023-01-31,PCG,99888.69423440454,0.003154574132492094,-0.00996264009962644
2023-02-01,PCG,98255.29420289856,-0.01635220125786163,-0.026151930261519296
2023-02-02,PCG,98192.47112476372,-0.0006393861892582953,-0.026774595267745838
2023-02-03,PCG,97689.88649968494,-0.0051183621241203126,-0.03175591531755917
2023-02-06,PCG,98380.94035916823,0.0070739549839227145,-0.024906600249066102
2023-02-07,PCG,98255.29420289856,-0.0012771392081736277,-0.026151930261519296
2023-02-08,PCG,97061.65571833648,-0.012148337595908054,-0.037982565379825695
2023-02-09,PCG,97124.47879647133,0.0006472491909386147,-0.03735990037359904
2023-02-10,PCG,97627.06342155008,0.005174644243208126,-0.032378580323786044
2023-02-13,PCG,98380.94035916822,0.007722007722007707,-0.024906600249066213
2023-02-14,PCG,97878.35573408946,-0.005108556832694733,-0.029887920298879322
2023-02-15,PCG,99448.93268746059,0.016046213093709794,-0.01432129514321323
2023-02-16,PCG,97689.88649968492,-0.017687934301958252,-0.03175591531755939
2023-02-17,PCG,97815.5326559546,0.0012861736334404128,-0.030510585305106197
2023-02-21,PCG,97061.65571833643,-0.007707129094412402,-0.03798256537982614
2023-02-22,PCG,97501.41726528035,0.0045307443365696365,-0.03362391033623957
2023-02-23,PCG,95993.66339004405,-0.015463917525773252,-0.04856787048567934
2023-02-24,PCG,99134.81729678632,0.0327225130890052,-0.017434620174346938
2023-02-27,PCG,98946.34806238179,-0.0019011406844106071,-0.019302615193026784
2023-02-28,PCG,98129.64804662879,-0.008253968253968291,-0.027397260273973267
2023-03-01,PCG,98066.82496849395,-0.000640204865556937,-0.02801992528019992
2023-03-02,PCG,99574.57884373024,0.015374759769378521,-0.01307596513076037
2023-03-03,PCG,102715.73275047253,0.03154574132492116,0.0
2023-03-06,PCG,105165.83279773148,0.023853211009174036,0.0
2023-03-07,PCG,102590.0865942028,-0.024492234169653515,-0.024492234169653626
2023-03-08,PCG,102527.26351606796,-0.0006123698714022296,-0.02508960573476704
2023-03-09,PCG,101459.27118777558,-0.01041666666666674,-0.03524492234169663
2023-03-10,,101459.27118777558,0.0,-0.03524492234169663
2023-03-13,,101459.27118777558,0.0,-0.03524492234169663
2023-03-14,,101459.27118777558,0.0,-0.03524492234169663
2023-03-15,,101459.27118777558,0.0,-0.03524492234169663
2023-03-16,,101459.27118777558,0.0,-0.03524492234169663
2023-03-17,,101459.27118777558,0.0,-0.03524492234169663
2023-03-20,,101459.27118777558,0.0,-0.03524492234169663
2023-03-21,,101459.27118777558,0.0,-0.03524492234169663
2023-03-22,,101459.27118777558,0.0,-0.03524492234169663
2023-03-23,,101459.27118777558,0.0,-0.03524492234169663
2023-03-24,,101459.27118777558,0.0,-0.03524492234169663
2023-03-27,,101459.27118777558,0.0,-0.03524492234169663
2023-03-28,,101459.27118777558,0.0,-0.03524492234169663
2023-03-29,SFM,99546.699659548,-0.018850633420063656,-0.053431166650778295
2023-03-30,SFM,100862.68129429528,0.013219741480611225,-0.04091777138029773
2023-03-31,SFM,102441.85925599198,0.015656712090460934,-0.02590169705572143
2023-04-03,SFM,103114.47209152946,0.006565800742220906,-0.01950596169525376
2023-04-04,SFM,102061.68678373167,-0.010209869540555805,-0.029516677911637923
2023-04-05,SFM,100424.02074937953,-0.016045845272206205,-0.04508890313712455
2023-04-06,SFM,101301.34183921103,0.00873616773442043,-0.03674663962347102
2023-04-10,SFM,100745.70514898443,-0.00548498845265577,-0.042030073182118044
2023-04-11,SFM,100716.4611126567,-0.0002902757619740459,-0.04230814863257326
2023-04-12,SFM,100599.48496734584,-0.0011614401858304202,-0.04342045043439369
2023-04-13,SFM,99956.11616813607,-0.006395348837209269,-0.04953811034440636
2023-04-14,SFM,96870.87033556195,-0.030866003510825024,-0.07887507036742125
2023-04-17,SFM,98757.1106786997,0.019471698113207703,-0.060939203813066056
2023-04-18,SFM,97762.81344355732,-0.01006810778797762,-0.07039376912854012
2023-04-19,SFM,97090.20060801983,-0.006880047861202443,-0.07678950448900779
2023-04-20,SFM,95657.2428279617,-0.014759036144578408,-0.09041520156130867
2023-04-21,SFM,96827.00428107037,0.012228676245796377,-0.07929218354310397
2023-04-24,SFM,99868.38405915292,0.03141045001510112,-0.05037233669577168
2023-04-25,SFM,97821.30151621276,-0.020497803806734827,-0.0698376182276298
2023-04-26,SFM,99692.91984118664,0.019133034379671177,-0.05204078939850221
2023-04-27,SFM,102207.90696537028,0.025227339395717197,-0.02812630065936217
2023-04-28,SFM,101359.82991186646,-0.008297567954220542,-0.03619048872256081
2023-05-01,SFM,102412.61521966428,0.01038661281015596,-0.026179772506176424
2023-05-02,SFM,110717.92153673586,0.08109651627641346,0.0
2023-05-03,SFM,105395.5069250914,-0.048071843634442724,-0.048071843634442724
2023-05-04,SFM,106214.33994226747,0.007769145394006749,-0.040676175382989954
2023-05-05,SFM,106506.78030554466,0.002753303964757814,-0.03803486529318523
2023-05-08,SFM,104927.60234384795,-0.014827018121911006,-0.0522979397781298
2023-05-09,SFM,106038.87572430116,0.010590858416945181,-0.042260961436872746
2023-05-10,SFM,106828.46470514954,0.007446221731936209,-0.03512942419440024
2023-05-11,SFM,107501.07754068702,0.006296194908294472,-0.029054410987849777
2023-05-12,SFM,109226.47568402233,0.016050054406964165,-0.013470681458002898
2023-05-15,SFM,106097.36379695662,-0.028647925033467248,-0.041732699418911556
2023-05-16,SFM,106038.87572430116,-0.0005512679162074097,-0.042260961436872746
2023-05-17,SFM,105892.65554266259,-0.0013789299503584873,-0.04358161648177494
2023-05-18,SFM,105834.16747000715,-0.000552333609500244,-0.04410987849973591
2023-05-19,SFM,107559.56561334245,0.01630284609008026,-0.02852614896988903
2023-05-22,SFM,105103.06656181422,-0.022838499184339445,-0.05071315372424723
2023-05-23,SFM,105453.99499774685,0.0033388981636062187,-0.047543581616481645
2023-05-24,SFM,105863.41150633489,0.0038824181919023815,-0.043845747490755205
2023-05-25,SFM,105541.72710673,-0.003038674033149169,-0.046751188589540194
2023-05-26,SFM,105103.06656181424,-0.004156275976724966,-0.05071315372424712
2023-05-30,SFM,103319.18034582351,-0.016972732331663853,-0.06682514527205485
2023-05-31,SFM,101067.38954858933,-0.021794508915935373,-0.08716323296354966
2023-06-01,SFM,95861.95108225573,-0.05150462962962965,-0.13417855256207056
2023-06-02,SFM,96680.78409943181,0.008541793776693174,-0.1267828843106178
2023-06-05,SFM,95423.29053733998,-0.013006654567453091,-0.13814051769677738
2023-06-06,SFM,96490.69786330163,0.011186025130248023,-0.128499735868991
2023-06-07,SFM,98523.15838807795,0.021063797545082696,-0.11014263074484942
2023-06-08,SFM,98640.1345333888,0.001187295933511301,-0.10908610670892771
2023-06-09,SFM,99166.52718728769,0.00533649570115613,-0.10433174854727967
2023-06-12,SFM,100043.84827711919,0.008846947803007987,-0.09640781827786604
2023-06-13,SFM,101915.46660209307,0.018707980122771195,-0.07950343370311697
2023-06-14,SFM,103172.96016418489,0.012338593974174916,-0.0681458003169575
2023-06-15,SFM,101798.4904567822,-0.013321995464852576,-0.0805599577390389
2023-06-16,SFM,98844.84278768278,-0.029014650962367328,-0.10723718964606488
2023-06-20,SFM,96797.76024474262,-0.020710059171597517,-0.12572636027469652
2023-06-21,SFM,97060.95657169206,0.002719033232628343,-0.1233491811938725
2023-06-22,SFM,101184.36569390014,0.04248267550467011,-0.0861067089276284
2023-06-23,SFM,100862.68129429525,-0.0031791907514450157,-0.08901215002641338
2023-06-26,SFM,102471.10329231968,0.015946651203247342,-0.07448494453248844
2023-06-27,SFM,104225.74547198268,0.017123287671232834,-0.0586370839936613
2023-06-28,STAG,103123.72876731958,-0.010573363612537912,-0.06859045639595518
2023-06-29,STAG,104765.26623490626,0.015918135304150205,-0.05376415325728934
2023-06-30,STAG,105175.65060180292,0.003917179630665846,-0.05005757747262285
2023-07-03,STAG,106611.99588594123,0.0136566332218504,-0.03708456222629042
2023-07-05,STAG,107315.51194347838,0.006598845202089754,-0.03073043230971928
2023-07-06,STAG,105879.16665934004,-0.013384321223709472,-0.04370344755605193
2023-07-07,STAG,105175.65060180292,-0.006644518272425071,-0.05005757747262285
2023-07-10,STAG,106729.24856219743,0.014771460423634197,-0.03602554057352847
2023-07-11,STAG,108165.59384633579,0.013457841252403346,-0.023052525327195705
2023-07-12,STAG,109836.4444829865,0.015447154471544655,-0.007961466775339376
2023-07-13,STAG,110774.465893036,0.008540165465705796,0.0
2023-07-14,STAG,110833.0922311641,0.000529240539825393,0.0
2023-07-17,STAG,111302.10293618885,0.004231684739486763,0.0
2023-07-18,STAG,109367.43377796172,-0.01738214379773495,-0.01738214379773495
2023-07-19,STAG,109777.8181448584,0.0037523452157599557,-0.013695022386094102
2023-07-20,STAG,110862.40540022815,0.009879839786381739,-0.003950487226757837
2023-07-21,STAG,111595.23462682933,0.0066102591221575135,0.0
2023-07-24,STAG,112591.88237500694,0.008930916732335037,0.0
2023-07-25,STAG,112240.12434623837,-0.003124186409789065,-0.003124186409789065
2023-07-26,STAG,112679.82188219909,0.003917471924784532,0.0
2023-07-27,STAG,108869.10990387292,-0.03381893860561902,-0.03381893860561902
2023-07-28,STAG,106494.74320968505,-0.02180936995153482,-0.05489073881373552
2023-07-31,STAG,106406.8037024929,-0.0008257638315442017,-0.05567117585848069
2023-08-01,STAG,105527.40863057149,-0.008264462809917328,-0.06347554630593111
2023-08-02,STAG,105234.27693993102,-0.002777777777777768,-0.06607700312174791
2023-08-03,STAG,104384.19503707364,-0.008077994428969282,-0.07362122788761671
2023-08-04,STAG,105322.21644712317,0.008986239820275133,-0.06529656607700285
2023-08-07,STAG,107051.69342190199,0.016420818257723457,-0.0499479708636833
2023-08-08,STAG,105732.60081401984,-0.01232201533406363,-0.061654526534859144
2023-08-09,STAG,104941.14524929054,-0.007485444968117649,-0.06867845993756483
2023-08-10,STAG,104266.94236081745,-0.006424581005586516,-0.0746618106139435
2023-08-11,STAG,104853.20574209842,0.005622715771717912,-0.06945889698230967
2023-08-14,STAG,105146.33743273889,0.0027956388034664492,-0.06685744016649287
2023-08-15,STAG,104384.19503707364,-0.007248396989127381,-0.07362122788761671
2023-08-16,STAG,103328.92095076793,-0.010109519797809607,-0.08298647242455737
2023-08-17,STAG,101980.51517382174,-0.013049645390070919,-0.09495317377731494
2023-08-18,STAG,102859.91024574317,0.008623167576889967,-0.08714880332986441
2023-08-21,STAG,102478.83904791054,-0.0037047591906527177,-0.09053069719042639
2023-08-22,STAG,103827.24482485672,0.013157894736842035,-0.07856399583766893
2023-08-23,STAG,106406.80370249289,0.024844720496894235,-0.055671175858480804
2023-08-24,STAG,105586.03496869958,-0.00771349862258941,-0.06295525494276788
2023-08-25,STAG,106641.30905500529,0.009994447529150463,-0.053590010405827115
2023-08-28,STAG,107579.33046505482,0.008796041781198527,-0.04526534859521314
2023-08-29,STAG,108165.59384633576,0.005449591280653809,-0.04006243496357953
2023-08-30,STAG,107813.83581756719,-0.003252032520325132,-0.043184183142559784
2023-08-31,STAG,107081.00659096599,-0.006797172376291516,-0.04968782518210202
2023-09-01,STAG,108106.96750820767,0.009581166164796207,-0.04058272632674287
2023-09-05,STAG,106201.61151904456,-0.01762472885032551,-0.057492195629552656
2023-09-06,STAG,106699.93539313338,0.004692243996687884,-0.05306971904266389
2023-09-07,STAG,108429.4123679122,0.016208791208791373,-0.03772112382934434
2023-09-08,STAG,107227.57243628624,-0.011084076777507557,-0.048387096774193505
2023-09-11,STAG,107491.39095786268,0.002460360852925225,-0.0460457856399582
2023-09-12,STAG,106641.3090550053,-0.00790837196618488,-0.053590010405827004
2023-09-13,STAG,105673.97447589171,-0.009070918086861113,-0.062174817898022816
2023-09-14,STAG,107872.46215569528,0.020804438280166426,-0.042663891779396446
2023-09-15,STAG,107462.0777887986,-0.0038043478260869623,-0.04630593132154015
2023-09-18,STAG,106699.93539313338,-0.007092198581560183,-0.05306971904266389
2023-09-19,STAG,106348.17736436482,-0.003296703296703174,-0.05619146722164392
2023-09-20,STAG,106113.67201185244,-0.0022050716648290836,-0.05827263267429739
2023-09-21,STAG,102097.7678500779,-0.03784530386740348,-0.09391259105098848
2023-09-22,STAG,101804.63615943742,-0.0028710881424059975,-0.0965140478668054
2023-09-25,STAG,101833.94932850149,0.000287935502447656,-0.09625390218522345
2023-09-26,STAG,99899.28017027433,-0.01899827288428335,-0.11342351716961485
2023-09-27,AIG,99122.01657686636,-0.007780472412645567,-0.12032150103597705
2023-09-28,AIG,99560.68145927506,0.004425504015735271,-0.11642848030625585
2023-09-29,AIG,98455.89582950504,-0.011096605744125299,-0.12623312510703488
2023-10-02,AIG,97562.31921719105,-0.009075907590759158,-0.1341633525194298
2023-10-03,AIG,95271.51372016792,-0.02348043297252289,-0.1544935718857513
2023-10-04,AIG,96441.2867399244,0.012278308321964415,-0.14411218327316166
2023-10-05,AIG,97724.78769215722,0.013308625336927227,-0.13272149298990354
2023-10-06,AIG,98894.56071191371,0.011970074812967635,-0.12234010437731391
2023-10-09,AIG,99251.99135683932,0.003614259898143679,-0.11916801341235583
2023-10-10,AIG,99381.96613681226,0.0013095432967751286,-0.11801452578873484
2023-10-11,AIG,99966.85264669052,0.005885237861696924,-0.1128238314824399
2023-10-12,AIG,99333.22559432242,-0.006338371526084852,-0.1184470836475926
2023-10-13,AIG,99251.99135683932,-0.000817795224075879,-0.11916801341235583
2023-10-16,AIG,101721.51217632525,0.024881322638729664,-0.09725174856355545
2023-10-17,AIG,102647.58248363249,0.009103977000479269,-0.08903314924525518
2023-10-18,AIG,101705.26532882865,-0.009180120291231386,-0.09739593451650785
2023-10-19,AIG,99381.96613681228,-0.022843450479233196,-0.11801452578873461
2023-10-20,AIG,96701.2362998703,-0.026974006866110845,-0.14180520802591934
2023-10-23,,96701.2362998703,0.0,-0.14180520802591934
2023-10-24,,96701.2362998703,0.0,-0.14180520802591934
2023-10-25,,96701.2362998703,0.0,-0.14180520802591934
2023-10-26,,96701.2362998703,0.0,-0.14180520802591934
2023-10-27,,96701.2362998703,0.0,-0.14180520802591934
2023-10-30,,96701.2362998703,0.0,-0.14180520802591934
2023-10-31,,96701.2362998703,0.0,-0.14180520802591934
2023-11-01,,96701.2362998703,0.0,-0.14180520802591934
2023-11-02,,96701.2362998703,0.0,-0.14180520802591934
2023-11-03,,96701.2362998703,0.0,-0.14180520802591934
2023-11-06,,96701.2362998703,0.0,-0.14180520802591934
2023-11-07,,96701.2362998703,0.0,-0.14180520802591934
2023-11-08,,96701.2362998703,0.0,-0.14180520802591934
2023-11-09,,96701.2362998703,0.0,-0.14180520802591934
2023-11-10,PATH,100719.58683088263,0.04155428291062835,-0.1061435388478007
2023-11-13,PATH,100253.83151605773,-0.0046242774566475076,-0.11027697913058543
2023-11-14,PATH,105144.26232171908,0.04878048780487809,-0.06687585616134573
2023-11-15,PATH,108695.64659725889,0.033776301218161775,-0.03535837400511199
2023-11-16,PATH,104794.94583560043,-0.03588644884841996,-0.06997593637343413
2023-11-17,PATH,106366.87002313443,0.014999999999999902,-0.056025575419035745
2023-11-20,PATH,107997.01362502156,0.01532567049808442,-0.04155853442928903
2023-11-21,PATH,105784.67587960332,-0.020485175202156314,-0.06119237577251657
2023-11-22,PATH,106599.74768054686,0.007705008255365797,-0.05395885527764355
2023-11-24,PATH,106832.62533795933,0.0021845985800110768,-0.051892135136250905
2023-11-27,PATH,107705.916553256,0.008174386920980936,-0.044141934606029554
2023-11-28,PATH,110500.44844220534,0.025945945945945903,-0.019341292909321184
2023-11-29,PATH,115681.97631963225,0.04689146469968386,0.0
2023-11-30,PATH,115041.56276174803,-0.005535983895319507,-0.005535983895319507
2023-12-01,PATH,145781.4135401908,0.2672064777327934,0.0
2023-12-04,PATH,147004.02124160615,0.008386581469648657,0.0
2023-12-05,PATH,143627.2952091257,-0.02297029702970288,-0.02297029702970288
2023-12-06,PATH,136000.5519288681,-0.05310093230644519,-0.07485148514851481
2023-12-07,PATH,136291.64900063365,0.0021404109589040488,-0.07287128712871294
2023-12-08,PATH,143394.41755171324,0.052114480991029444,-0.024554455445544687
2023-12-11,PATH,142754.003993829,-0.004466098254161555,-0.028910891089109048
2023-12-12,PATH,142986.88165124145,0.0016313213703098572,-0.027326732673267462
2023-12-13,PATH,145373.87763971902,0.01669381107491863,-0.01108910891089121
2023-12-14,PATH,149449.23664443684,0.028033640368442247,0.0
2023-12-15,PATH,149507.45605878995,0.00038955979742882896,0.0
2023-12-18,PATH,149507.45605878995,0.0,0.0
2023-12-19,PATH,152884.18209127043,0.02258566978193155,0.0
2023-12-20,PATH,144034.8311095975,-0.057882711348058,-0.05788271134805789
2023-12-21,PATH,147004.02124160618,0.020614389652384935,-0.038461538461538436
2023-12-22,PATH,147935.53187125595,0.006336633663366342,-0.03236862147753239
2023-12-26,PATH,149740.3337162024,0.012199921290830362,-0.020563594821020548
2023-12-27,PATH,148575.94542914018,-0.007776049766718529,-0.028179741051028273
2023-12-28,PATH,148575.94542914018,0.0,-0.028179741051028273
2023-12-29,PATH,144617.0252531286,-0.026645768025078342,-0.05407463823305414
2024-01-02,PATH,138562.20616040504,-0.041867954911433136,-0.09367859862909367
2024-01-03,PATH,131401.21819497235,-0.0516806722689076,-0.14051789794364045
2024-01-04,PATH,131401.21819497235,0.0,-0.14051789794364045
2024-01-05,PATH,131634.0958523848,0.0017722640673460965,-0.13899466869763877
2024-01-08,PATH,134486.84715568728,0.021671826625387025,-0.12033511043412004
2024-01-09,PATH,131110.1211232068,-0.02510822510822519,-0.14242193450114227
2024-01-10,PATH,132390.94823897525,0.009769094138543544,-0.13404417364813392
2024-01-11,PATH,131401.21819497237,-0.007475813544415066,-0.14051789794364022
2024-01-12,PATH,129072.44162084792,-0.0177226406734603,-0.15575019040365545
2024-01-16,PATH,128606.68630602301,-0.0036084799278305324,-0.1587966488956587
2024-01-17,PATH,125870.37383142678,-0.02127659574468077,-0.17669459253617648
2024-01-18,PATH,125753.93500272055,-0.0009250693802035359,-0.17745620715917731
2024-01-19,PATH,129421.75810696656,0.029166666666666563,-0.15346534653465338
2024-01-22,PATH,136757.40431545858,0.05668016194331971,-0.10548362528560551
2024-01-23,PATH,137048.50138722415,0.002128565346956268,-0.10357958872810347
2024-01-24,PATH,131750.53468109103,-0.038657604078164876,-0.13823305407463804
2024-01-25,PATH,132914.92296815326,0.008837825894829843,-0.13061690784463043
2024-01-26,PATH,132390.94823897525,-0.003942181340341633,-0.13404417364813392
2024-01-29,PATH,140832.7633201764,0.06376429199648204,-0.07882711348057869
2024-01-30,PATH,138853.3032321706,-0.014055394791236075,-0.09177456207159163
2024-01-31,PATH,133788.21418344992,-0.03647798742138364,-0.12490479817212474
2024-02-01,PATH,134545.06657004036,0.0056570931244559475,-0.1199543031226199
2024-02-02,PATH,136466.30724369304,0.014279532669839945,-0.10738766184310733
2024-02-05,PATH,131051.9017088537,-0.03967576791808869,-0.14280274181264263
2024-02-06,PATH,134777.9442274528,0.028431808085295218,-0.11843107387661844
2024-02-07,PATH,136699.18490110547,0.014254859611231074,-0.10586443259710587
2024-02-08,PATH,141822.49336417927,0.03747870528109032,-0.07235338918507228
2024-02-09,PLTR,142530.70385860885,0.004993640131618626,-0.06772105584134691
2024-02-12,PLTR,146447.6674182999,0.02748154224774413,-0.0421005926507686
2024-02-13,PLTR,140367.6045793765,-0.04151696606786426,-0.08186966984211397
2024-02-14,PLTR,147266.1374158473,0.04914618908787993,-0.036747063028856775
2024-02-15,PLTR,148552.30455485033,0.008733624454148492,-0.02833437362299529
2024-02-16,PLTR,142881.4767147006,-0.038173947264856345,-0.06542668600338453
2024-02-20,PLTR,136801.41387577716,-0.042553191489361764,-0.10519576319473001
2024-02-21,PLTR,132942.91245876806,-0.028205128205128216,-0.13043383141231457
2024-02-22,PLTR,137912.19458673435,0.037379067722075776,-0.09793025870784944
2024-02-23,PLTR,134287.54174045307,-0.026282323018228082,-0.12163874703345923
2024-02-26,PLTR,137736.80815868848,0.025685676969960713,-0.09907744362683057
2024-02-27,PLTR,143407.63599883823,0.041171477079796404,-0.061985131246441116
2024-02-28,PLTR,142764.5524293367,-0.004484304932735439,-0.06619147594937191
2024-02-29,PLTR,146623.0538463458,0.027027027027026973,-0.04095340773178735
2024-03-01,PLTR,145746.12170611648,-0.005980861244019087,-0.04668933232669281
2024-03-04,PLTR,140542.9910074224,-0.035699959887685595,-0.08072248492313261
2024-03-05,PLTR,139198.3617257374,-0.009567387687188011,-0.08951756930198784
2024-03-06,PLTR,152936.9652559971,0.09869802603947919,0.0
2024-03-07,PLTR,154690.82953645577,0.011467889908256979,0.0
2024-03-08,PLTR,152235.4195438136,-0.015873015873015928,-0.01587301587301604
2024-03-11,PLTR,148201.53169875863,-0.026497695852534475,-0.04195011337868493
2024-03-12,PLTR,144401.49242443146,-0.025641025641025772,-0.06651549508692389
2024-03-13,PLTR,146155.35670489015,0.012145748987854255,-0.05517762660619829
2024-03-14,PLTR,142823.01457201864,-0.022800000000000042,-0.07671957671957708
2024-03-15,PLTR,137327.57315991475,-0.03847728203029066,-0.11224489795918402
2024-03-18,PLTR,140309.14243669453,0.02171136653895278,-0.0929705215419504
2024-03-19,PLTR,139139.8995830554,-0.008333333333333304,-0.1005291005291008
2024-03-20,PLTR,143641.484569566,0.03235294117647047,-0.07142857142857184
2024-03-21,PLTR,143173.78742811034,-0.0032560032560032814,-0.07445200302343213
2024-03-22,PLTR,141361.46100496972,-0.012658227848101222,-0.08616780045351513
2024-03-25,PLTR,143290.71171347427,0.013647642679900818,-0.073696145124717
2024-03-26,PLTR,145512.27313538862,0.015503875968992276,-0.05933484504913111
2024-03-27,PLTR,143290.7117134743,-0.015267175572518998,-0.07369614512471678
2024-03-28,PLTR,134521.39031118088,-0.0611995104039168,-0.130385487528345
2024-04-01,PLTR,133644.45817095152,-0.006518904823989646,-0.13605442176870786
2024-04-02,PLTR,132825.98817340413,-0.006124234470691214,-0.1413454270597132
2024-04-03,PLTR,132709.0638880402,-0.0008802816901408717,-0.14210128495842844
2024-04-04,PLTR,131422.89674903717,-0.009691629955947079,-0.15041572184429375
2024-04-05,PLTR,134229.07959777105,0.021352313167259718,-0.13227513227513288
2024-04-08,PLTR,134462.92816849885,0.0017421602787455193,-0.13076341647770295
2024-04-09,PLTR,133352.1474575417,-0.008260869565217432,-0.13794406651549584
2024-04-10,PLTR,131072.12389294544,-0.017097764138535587,-0.1526832955404389
2024-04-11,PLTR,133527.53388558756,0.018733273862622468,-0.1368102796674232
2024-04-12,PLTR,132533.6774599943,-0.00744308231173374,-0.14323507180650108
2024-04-15,PLTR,128032.09247348366,-0.033965593295103846,-0.17233560090703037
2024-04-16,PLTR,127915.16818811974,-0.0009132420091324533,-0.1730914588057455
2024-04-17,PLTR,124582.82605524824,-0.02605118829981723,-0.19463340891912417
2024-04-18,PLTR,123530.50748697303,-0.008446738620366046,-0.20143613000755956
2024-04-19,FTAI,124391.1389303078,0.006966954648231605,-0.19587257174160588
2024-04-22,FTAI,128656.08168616165,0.03428654800116715,-0.16830181807356948
2024-04-23,FTAI,131922.84635021992,0.025391451544646504,-0.14718379398741377
2024-04-24,FTAI,133302.14698615565,0.010455358371165291,-0.13826729492881462
2024-04-25,FTAI,132939.1731345936,-0.002722940776038185,-0.1406137420494986
2024-04-26,FTAI,128401.99999006825,-0.03412969283276446,-0.16994433105804807
2024-04-29,FTAI,131741.35942443894,0.026007067137809203,-0.14835701754775554
2024-04-30,FTAI,127421.97059085076,-0.03278688524590179,-0.17627973828389487
2024-05-01,FTAI,132848.42967170314,0.04258652613587821,-0.14120035382966944
2024-05-02,FTAI,137040.7776572446,0.03155737704918038,-0.11409888958576964
2024-05-03,FTAI,142140.5602716911,0.03721361409084878,-0.08113130754016007
2024-05-06,FTAI,142285.74981231592,0.0010214504596528506,-0.08019272869188643
2024-05-07,FTAI,140652.36748028678,-0.011479591836734748,-0.09075174073496428
2024-05-08,FTAI,142467.23673809692,0.012903225806451646,-0.07901950513154454
2024-05-09,FTAI,142830.21058965896,0.002547770700636942,-0.07667305801086055
2024-05-10,FTAI,143574.30698536112,0.005209656925031725,-0.07186284141345844
2024-05-13,FTAI,139109.72861114817,-0.031095942358740913,-0.10072414099787108
2024-05-14,FTAI,142430.93935294077,0.023874755381604773,-0.07925414984361268
2024-05-15,FTAI,144772.12069551586,0.016437308868501477,-0.06411956591520107
2024-05-16,FTAI,142830.210589659,-0.013413563996489852,-0.07667305801086033
2024-05-17,FTAI,141995.3707310663,-0.0058449809402796316,-0.0820698863884336
2024-05-20,FTAI,145298.4327802808,0.023261758691206724,-0.06071721759020943
2024-05-21,FTAI,150507.10755019594,0.035848113914564106,-0.027045701408394462
2024-05-22,FTAI,148619.64352207337,-0.01254069697335114,-0.03924722643595113
2024-05-23,FTAI,146187.71871660775,-0.016363414336304838,-0.05496842214453379
2024-05-24,FTAI,153302.00620722355,0.048665425201738,-0.008978058579128145
2024-05-28,FTAI,153628.6826736294,0.0021309340594295456,-0.006866256170512397
2024-05-29,FTAI,143610.60437051734,-0.0652096869462494,-0.07162819670138998
2024-05-30,FTAI,147512.5732748092,0.027170478958675748,-0.04640389015403712
2024-05-31,FTAI,153029.77581855207,0.03740157480314954,-0.010737893919640862
2024-06-03,FTAI,150488.95885761786,-0.016603415559772183,-0.027163023764428473
2024-06-04,FTAI,141940.92465333204,-0.05680173661360355,-0.08242185345653585
2024-06-05,FTAI,147530.72196738733,0.0393811533052042,-0.046286567798002665
2024-06-06,FTAI,150035.24154316532,0.016976257842292952,-0.03009608266528352
2024-06-07,FTAI,148728.535677542,-0.008709326236845283,-0.038543292299745735
2024-06-10,FTAI,154154.99475839437,0.036485661989017704,-0.0034639078455204197
2024-06-11,FTAI,152267.53073027183,-0.012243936896632834,-0.01566543287307698
2024-06-12,FTAI,158492.53228456064,0.04088200238379014,0.0
2024-06-13,FTAI,156296.54048261038,-0.013855490667582626,-0.013855490667582626
2024-06-14,FTAI,153465.34444042653,-0.018114259173246605,-0.0317187678919042
2024-06-17,FTAI,162249.31164822768,0.057237464522232884,0.0
2024-06-18,FTAI,170016.95207165516,0.047874720357941936,0.0
2024-06-20,FTAI,168056.89327322016,-0.011528608027327247,-0.011528608027327247
2024-06-21,FTAI,168292.82627673552,0.0014038876889850282,-0.010140905209222839
2024-06-24,FTAI,166024.23970447283,-0.013479995686401347,-0.023484201537147698
2024-06-25,FTAI,180888.01892593797,0.08952776563183207,0.0
2024-06-26,FTAI,182775.48295406048,0.010434433630982065,0.0
2024-06-27,FTAI,184771.83913765167,0.010922450600734823,0.0
2024-06-28,FTAI,187348.95348374208,0.013947549356644773,0.0
2024-07-01,FTAI,190561.27207006604,0.017146178436501014,0.0
2024-07-02,FTAI,195933.2850731841,0.0281904761904761,0.0
2024-07-03,FTAI,193809.88804154622,-0.010837347165616795,-0.010837347165616795
2024-07-05,FTAI,191849.82924311122,-0.01011330648937181,-0.020841052241571068
2024-07-08,FTAI,193229.12987904693,0.007189480654621105,-0.013801407928862752
2024-07-09,FTAI,189200.12012670838,-0.020850943927867016,-0.034364579473879386
2024-07-10,FTAI,173628.54189469726,-0.08230215827338128,-0.11383845868840337
2024-07-11,FTAI,175044.1399157892,0.008153026026967769,-0.1066135605779921
2024-07-12,FTAI,177349.0238732081,0.013167444271643403,-0.09484994442386085
2024-07-15,FTAI,184554.05482671442,0.0406262791649612,-0.05807706557984449
2024-07-16,FTAI,194953.2556739666,0.05634772347330119,-0.005001852537977025
2024-07-17,FTAI,186550.4110103056,-0.0431018432321727,-0.04788810670618748
2024-07-18,FTAI,186913.3848618676,0.0019457145636734285,-0.04603556872915904
2024-07-19,CINF,179623.8797313892,-0.038999374688257316,-0.08323958502356088
2024-07-22,CINF,178674.03850997228,-0.00528794513756925,-0.08808736380225146
2024-07-23,CINF,179876.18130582807,0.006728133565910843,-0.08195189378547119
2024-07-24,CINF,178139.75282292528,-0.009653465346534662,-0.09081423936526478
2024-07-25,CINF,178540.4670882105,0.002249437640589713,-0.08876908269300487
2024-07-26,CINF,183972.37157318852,0.030423940149626016,-0.06104584780236799
2024-07-29,CINF,187667.84757526373,0.020087124878993334,-0.042184958491524704
2024-07-30,CINF,193203.64094383418,0.02949782522736255,-0.013931497796968673
2024-07-31,CINF,193856.6567835583,0.003379935473959206,-0.01059864988661896
2024-08-01,CINF,192847.45048580284,-0.005205940897259231,-0.015749414838977738
2024-08-02,CINF,193455.94251827302,0.003155302447283237,-0.0126438065588792
2024-08-05,CINF,186732.8476229314,-0.034752589182968974,-0.046956990726798487
2024-08-06,CINF,188157.60945505678,0.007629947544110616,-0.03968532255876267
2024-08-07,CINF,187400.70473174017,-0.004022716516800751,-0.04354839627303175
2024-08-08,CINF,189018.40306196583,0.008632295873920892,-0.03529202304057444
2024-08-09,CINF,190235.38712690625,0.006438442211055273,-0.02908080648037714
2024-08-12,CINF,188276.33960773385,-0.010298018411608711,-0.0390793502114265
2024-08-13,CINF,190665.78393036078,0.012691155604603432,-0.02688415672128308
2024-08-14,CINF,193040.38698390304,0.012454269479255764,-0.014764709774556684
2024-08-15,CINF,192743.56160221025,-0.0015376335819173859,-0.016279640642897553
2024-08-16,CINF,194598.72023779017,0.009625009625009673,-0.006811322715767454
2024-08-19,CINF,194895.54561948293,0.0015253203172664875,-0.005296391847426807
2024-08-20,CINF,193916.02185989675,-0.005025890953396228,-0.01029566371295143
2024-08-21,CINF,194479.99008511304,0.002908311648553541,-0.007417295063103846
2024-08-22,CINF,195860.22810998448,0.007097069597069572,-0.00037286652531909326
2024-08-23,CINF,197106.89471309417,0.006365082973402991,0.0
2024-08-26,CINF,196735.8629859782,-0.0018823883743693814,-0.0018823883743693814
2024-08-27,CINF,198279.35497078067,0.00784550392275185,0.0
2024-08-28,CINF,200089.98979910667,0.0091317365269461,0.0
2024-08-29,CINF,201262.45005679317,0.005859664738169457,0.0
2024-08-30,CINF,203369.91026681193,0.010471204188481575,0.0
2024-09-03,CINF,204171.33879738243,0.0039407429030138275,0.0
2024-09-04,CINF,205106.33874971472,0.004579486806716604,0.0
2024-09-05,CINF,202345.86269997183,-0.013458755426917435,-0.013458755426917435
2024-09-06,CINF,200935.9421369311,-0.006967874431568211,-0.020332850940665725
2024-09-09,CINF,204022.9261065361,0.015363025334219849,-0.005282199710564206
2024-09-10,CINF,203978.40229928217,-0.00021822943187610466,-0.005499276410998344
2024-09-11,CINF,198828.48192691235,-0.025247380675203712,-0.030607814761215435
2024-09-12,CINF,200535.22787164588,0.008584011345823761,-0.022286541244572855
2024-09-13,CINF,201574.11670757062,0.005180580224985132,-0.017221418234442565
2024-09-16,CINF,203592.52930308157,0.010013252834634168,-0.007380607814760909
2024-09-17,CINF,202093.561125533,-0.007362589298731681,-0.014688856729377475
2024-09-18,CINF,202286.49762363336,0.0009546889917018131,-0.013748191027495915
2024-09-19,CINF,201499.91036214746,-0.0038884812912692857,-0.017583212735166054
2024-09-20,CINF,199808.00568649857,-0.00839655299403419,-0.025832127351663958
2024-09-23,CINF,202182.60874004086,0.011884423976825431,-0.014254703328509089
2024-09-24,CINF,202123.2436637023,-0.00029362108199360026,-0.014544138929087902
2024-09-25,CINF,200683.6405624923,-0.0071224025258829204,-0.021562952243125433
2024-09-26,CINF,200297.7675662917,-0.0019227924863185475,-0.023444283646887998
2024-09-27,CINF,201306.97386404712,0.005038529934795255,-0.018523878437047503
2024-09-30,CINF,202019.35478010983,0.0035387791212033726,-0.015050651230100853
2024-10-01,CINF,203740.94199392796,0.008521892447840074,-0.00665701881331382
2024-10-02,CINF,202880.14838701885,-0.004224941724941811,-0.010853835021707559
2024-10-03,CINF,201455.3865548935,-0.0070226773957570154,-0.017800289435600303
2024-10-04,CINF,205878.084742116,0.021953735081774006,0.0
2024-10-07,CINF,197181.1010585174,-0.04224336793540939,-0.04224336793540939
2024-10-08,CINF,198694.91050515062,0.007677254252596688,-0.03489042675893883
2024-10-09,CINF,199897.05330100638,0.006050194203764514,-0.029051326412918188
2024-10-10,CINF,200371.97391171483,0.0023758259707475915,-0.026744521337947025
2024-10-11,CINF,202420.06904539504,0.010221465076660996,-0.016796424452133918
2024-10-14,CINF,203147.29123054235,0.0035926387565070605,-0.013264129181084328
2024-10-15,CINF,203028.56107786525,-0.0005844535359438296,-0.01384083044982709
2024-10-16,CINF,205136.021287884,0.010380116959064267,-0.003604382929642602
2024-10-17,CINF,209707.13216595293,0.022283316452033075,0.0
2024-10-18,,209707.13216595293,0.0,0.0
2024-10-21,,209707.13216595293,0.0,0.0
2024-10-22,TOL,206043.92141149522,-0.017468222070572303,-0.017468222070572303
2024-10-23,TOL,204554.4808229916,-0.007228752871233812,-0.024570701481358093
2024-10-24,TOL,209788.40289100423,0.025586934331405464,0.0
2024-10-25,TOL,207435.9219614986,-0.01121358901200975,-0.01121358901200975
2024-10-28,TOL,209746.64287450412,0.011139444369883122,-0.0001990577931125781
2024-10-29,TOL,205180.88107049314,-0.021767985134058976,-0.0219627098400903
2024-10-30,TOL,206210.96147749558,0.005020352781546666,-0.01705261760997967
2024-10-31,TOL,203844.5605424899,-0.011475631159713728,-0.028332559219693687
2024-11-01,TOL,203928.0805754901,0.00040972411909323547,-0.02793444363346842
2024-11-04,TOL,205737.68129049445,0.00887372013651877,-0.019308605931922407
2024-11-05,TOL,213783.44446951378,0.03910690121786198,0.0
2024-11-06,TOL,210665.36323750627,-0.014585232452142272,-0.014585232452142272
2024-11-07,TOL,214145.36461251462,0.016519096075062745,0.0
2024-11-08,TOL,219365.36667502718,0.024375975039001574,0.0
2024-11-11,TOL,219059.12655402644,-0.001396027666730082,-0.001396027666730082
2024-11-12,TOL,211347.4435070079,-0.03520366016394483,-0.03655054254711598
2024-11-13,TOL,211110.80341350732,-0.0011196733188435504,-0.03762929119868019
2024-11-14,TOL,213950.48453551414,0.013451140709481724,-0.02468430737991001
2024-11-15,TOL,212516.7239690107,-0.0067013662979831246,-0.031220255092328286
2024-11-18,TOL,212154.80382600983,-0.001703019584725185,-0.03287010597119122
2024-11-19,TOL,211222.1634575076,-0.004396037005445774,-0.03712164477441471
2024-11-20,TOL,211458.8035510081,0.0011203374192696458,-0.03604289612285072
2024-11-21,TOL,212085.2037985096,0.0029622802975446394,-0.033187384986357316
2024-11-22,TOL,219365.3666750271,0.03432659490679968,-4.440892098500626e-16
2024-11-25,TOL,233577.69229056124,0.06478837489688427,0.0
2024-11-26,TOL,228510.81028854905,-0.021692491060786745,-0.021692491060786745
2024-11-27,TOL,229332.09061305106,0.0035940545808967883,-0.018176400476757948
2024-11-29,TOL,229916.73084405245,0.0025493171471926424,-0.01567342073897493
2024-12-02,TOL,228162.81015104827,-0.0076285039656111,-0.023182359952324094
2024-12-03,TOL,225977.36928754303,-0.009578427185650606,-0.032538736591179784
2024-12-04,TOL,217054.6457620216,-0.0394850314155476,-0.07073897497020243
2024-12-05,TOL,214562.9647775156,-0.011479510036555007,-0.08140643623361132
2024-12-06,TOL,214507.28475551546,-0.0002595043466977476,-0.08164481525625733
2024-12-09,TOL,217806.32605902338,0.015379623621025296,-0.06752085816448139
2024-12-10,TOL,202675.28008048702,-0.0694701859781428,-0.13230035756853387
2024-12-11,TOL,198262.63833697644,-0.021771978021977945,-0.15119189511322983
2024-12-12,TOL,192736.39615346317,-0.027873341290458487,-0.17485101311084605
2024-12-13,TOL,186319.27361794774,-0.03329481438682658,-0.20232419547079838
2024-12-16,KR,186477.78379095317,0.0008507449064580896,-0.20164557684309037
2024-12-17,KR,183922.05795699137,-0.013705256368913288,-0.2125872288857117
2024-12-18,KR,183080.1717999216,-0.004577407225764274,-0.21619153779386924
2024-12-19,KR,183290.64333918906,0.0011496140581377379,-0.21529046056682977
2024-12-20,KR,185966.6386241608,0.01459973753280841,-0.20383390725161454
2024-12-23,KR,183290.64333918906,-0.014389652384801943,-0.21529046056682977
2024-12-24,KR,185906.50389865582,0.01427165354330695,-0.20409135788791155
2024-12-26,KR,188702.76863463756,0.01504124211547797,-0.1921199033001023
2024-12-27,KR,187439.9393990329,-0.006692160611854625,-0.1975263666623387
2024-12-30,KR,184102.4621335063,-0.0178055822906642,-0.21181487697682078
2024-12-31,KR,183861.92323148638,-0.0013065490772496968,-0.2128446795220087
2025-01-02,KR,186237.24488893323,0.012919051512673807,-0.2026753793882783
2025-01-03,KR,184794.01147681364,-0.007749434937035837,-0.20885419465940558
2025-01-06,KR,182268.35300560432,-0.013667425968109437,-0.21966712138387845
2025-01-07,KR,177818.38331823557,-0.024414384691520907,-0.23871846846985434
2025-01-08,KR,177096.76661217576,-0.00405816706121076,-0.24180787610541798
2025-01-10,KR,177758.24859273058,0.0037351443123938566,-0.23897591910615135
2025-01-13,KR,178870.7410145728,0.006258457374830995,-0.2342130823346572
2025-01-14,KR,180163.63761292992,0.007228105563960252,-0.22867789365427238
2025-01-15,KR,176465.35199437343,-0.020527369826435327,-0.24451110778653629
2025-01-16,KR,176254.880455106,-0.0011927074459021636,-0.24541218501357553
2025-01-17,KR,175473.12902354123,-0.004435346298191756,-0.2487590432854362
2025-01-21,KR,177517.70969071065,0.011651816312542751,-0.24000572165133915
2025-01-22,KR,176675.82353364088,-0.004742547425474308,-0.24361003055949682
2025-01-23,KR,176104.54364134354,-0.003233492171545227,-0.246055811604318
2025-01-24,KR,176495.41935712594,0.002219566330886158,-0.24438238246838773
2025-01-27,KR,181847.40992706944,0.030323679727427555,-0.22146927583795717
2025-01-28,KR,181516.66893679203,-0.0018187830687830253,-0.22288525433759054
2025-01-29,KR,183591.316966714,0.011429517972503023,-0.21400320738534495
2025-01-30,KR,183531.182241209,-0.0003275466754012468,-0.21426065802164196
2025-01-31,KR,185335.22400635848,0.009829619921362998,-0.20653713893273284
2025-02-03,KR,190416.60831152956,0.02741726151849444,-0.18478256016563877
2025-02-04,KR,192370.9868904415,0.010263698089373108,-0.1764154144859872
2025-02-05,KR,196700.6871268003,0.022507033447952463,-0.1578789686726052
2025-02-06,KR,195167.2516264232,-0.007795781106695321,-0.16444395989817806
2025-02-07,KR,195437.85789119566,0.001386535202588357,-0.16328543203484158
2025-02-10,KR,196279.74404826542,0.004307692307692346,-0.15968112312668403
2025-02-11,KR,195588.19470495812,-0.0035232843137255054,-0.16264180544409912
2025-02-12,KR,197843.24691139502,0.011529592621060791,-0.15298740658296262
2025-02-13,KR,197332.10174460264,-0.0025835866261398888,-0.155175736991487
2025-02-14,KR,195828.73360697806,-0.007618467164406506,-0.1616120028989113
2025-02-18,KR,196219.60932276046,0.001996007984031989,-0.15993857376298093
2025-02-19,KR,196790.8892150578,0.0029114311982838537,-0.15749279271815964
2025-02-20,KR,193603.74876329367,-0.01619556913674569,-0.17113767644189926
2025-02-21,KR,195618.2620677106,0.010405342444478993,-0.16251308012595067
2025-02-24,KR,195077.04953816574,-0.0027666769136183156,-0.16483013585262352
2025-02-25,KR,196851.02394056277,0.009093711467324406,-0.15723534208186274
2025-02-26,KR,191829.77436089667,-0.025507866198258733,-0.17873247021265992
2025-02-27,KR,192220.65007667904,0.0020376175548588726,-0.17705904107672965
2025-02-28,KR,194896.64536165076,0.013921476615047501,-0.16560248776151454
2025-03-03,KR,189093.6443504199,-0.02977476087627262,-0.19044647416417226
2025-03-04,KR,189965.59787024214,0.0046112259500714625,-0.18671343993786627
2025-03-05,KR,188011.21929133017,-0.010288065843621408,-0.19508058561751784
2025-03-06,KR,191769.63963539162,0.01999040460578927,-0.17898992084895715
2025-03-07,KR,200549.3095591192,0.04578237692066489,-0.14140212794959917
2025-03-10,KR,203616.18055987335,0.015292353823088467,-0.12827214549845356
2025-03-11,,203616.18055987335,0.0,-0.12827214549845356
2025-03-12,,203616.18055987335,0.0,-0.12827214549845356
2025-03-13,,203616.18055987335,0.0,-0.12827214549845356
2025-03-14,,203616.18055987335,0.0,-0.12827214549845356
2025-03-17,,203616.18055987335,0.0,-0.12827214549845356
2025-03-18,,203616.18055987335,0.0,-0.12827214549845356
2025-03-19,,203616.18055987335,0.0,-0.12827214549845356
2025-03-20,,203616.18055987335,0.0,-0.12827214549845356
2025-03-21,,203616.18055987335,0.0,-0.12827214549845356
2025-03-24,,203616.18055987335,0.0,-0.12827214549845356
2025-03-25,,203616.18055987335,0.0,-0.12827214549845356
2025-03-26,,203616.18055987335,0.0,-0.12827214549845356
2025-03-27,,203616.18055987335,0.0,-0.12827214549845356
2025-03-28,,203616.18055987335,0.0,-0.12827214549845356
2025-03-31,,203616.18055987335,0.0,-0.12827214549845356
2025-04-01,,203616.18055987335,0.0,-0.12827214549845356
2025-04-02,,203616.18055987335,0.0,-0.12827214549845356
2025-04-03,,203616.18055987335,0.0,-0.12827214549845356
2025-04-04,,203616.18055987335,0.0,-0.12827214549845356
2025-04-07,,203616.18055987335,0.0,-0.12827214549845356
2025-04-08,,203616.18055987335,0.0,-0.12827214549845356
2025-04-09,,203616.18055987335,0.0,-0.12827214549845356
2025-04-10,,203616.18055987335,0.0,-0.12827214549845356
2025-04-11,,203616.18055987335,0.0,-0.12827214549845356
2025-04-14,,203616.18055987335,0.0,-0.12827214549845356
2025-04-15,,203616.18055987335,0.0,-0.12827214549845356
2025-04-16,,203616.18055987335,0.0,-0.12827214549845356
2025-04-17,,203616.18055987335,0.0,-0.12827214549845356
2025-04-21,,203616.18055987335,0.0,-0.12827214549845356
2025-04-22,,203616.18055987335,0.0,-0.12827214549845356
2025-04-23,,203616.18055987335,0.0,-0.12827214549845356
2025-04-24,,203616.18055987335,0.0,-0.12827214549845356
2025-04-25,,203616.18055987335,0.0,-0.12827214549845356
2025-04-28,,203616.18055987335,0.0,-0.12827214549845356
2025-04-29,,203616.18055987335,0.0,-0.12827214549845356
2025-04-30,,203616.18055987335,0.0,-0.12827214549845356
2025-05-01,,203616.18055987335,0.0,-0.12827214549845356
2025-05-02,,203616.18055987335,0.0,-0.12827214549845356
2025-05-05,,203616.18055987335,0.0,-0.12827214549845356
2025-05-06,,203616.18055987335,0.0,-0.12827214549845356
2025-05-07,,203616.18055987335,0.0,-0.12827214549845356
2025-05-08,,203616.18055987335,0.0,-0.12827214549845356
2025-05-09,,203616.18055987335,0.0,-0.12827214549845356
2025-05-12,,203616.18055987335,0.0,-0.12827214549845356
2025-05-13,,203616.18055987335,0.0,-0.12827214549845356
2025-05-14,,203616.18055987335,0.0,-0.12827214549845356
2025-05-15,,203616.18055987335,0.0,-0.12827214549845356
2025-05-16,,203616.18055987335,0.0,-0.12827214549845356
2025-05-19,,203616.18055987335,0.0,-0.12827214549845356
2025-05-20,,203616.18055987335,0.0,-0.12827214549845356
2025-05-21,,203616.18055987335,0.0,-0.12827214549845356
2025-05-22,,203616.18055987335,0.0,-0.12827214549845356
2025-05-23,,203616.18055987335,0.0,-0.12827214549845356
2025-05-27,,203616.18055987335,0.0,-0.12827214549845356
2025-05-28,,203616.18055987335,0.0,-0.12827214549845356
2025-05-29,,203616.18055987335,0.0,-0.12827214549845356
2025-05-30,,203616.18055987335,0.0,-0.12827214549845356
2025-06-02,,203616.18055987335,0.0,-0.12827214549845356
2025-06-03,HQY,203949.2717509808,0.0016358778079010872,-0.12684610524674533
2025-06-04,HQY,222229.22768085863,0.08962991518889751,-0.048585395713155566
2025-06-05,HQY,221521.61648357305,-0.003184150008844866,-0.051614842533810656
2025-06-06,HQY,219261.1918255774,-0.010204081632653073,-0.061292242099792116
2025-06-09,HQY,218494.613028518,-0.0034961900493052367,-0.06457414282216856
2025-06-10,HQY,210750.20159155905,-0.03544440446203667,-0.09772975524822691
2025-06-11,HQY,205521.74107828215,-0.024808804327550837,-0.12011400120084503
2025-06-12,HQY,204401.35668257996,-0.005451415455241082,-0.12491062533354891
2025-06-13,HQY,205914.8584101075,0.007404558130589489,-0.11843097518936996
2025-06-16,HQY,198681.49950452143,-0.035127911416571234,-0.14939865380051087
2025-06-17,HQY,196578.32177925593,-0.010585674713098459,-0.15840284296190232
2025-06-18,HQY,200489.83923091795,0.019898010198980076,-0.14165673414772562
2025-06-20,HQY,199113.9285695293,-0.006862745098039191,-0.14754732518788827
2025-06-23,HQY,198937.0257702079,-0.0008884501480750373,-0.1483046868930521
2025-06-24,HQY,204774.81814781408,0.0293449263906731,-0.12331175062264743
2025-06-25,HQY,204362.04494939747,-0.002015741985025965,-0.12507892793469633
2025-06-26,HQY,206111.41707602018,0.008560161585072557,-0.11758946218363231
2025-06-27,HQY,206150.7288092027,0.00019073049780660156,-0.11742115958248489
2025-06-30,HQY,205914.85841010752,-0.0011441647597253413,-0.11843097518936985
2025-07-01,HQY,202239.21135754068,-0.01785032455135549,-0.1341672683966616
2025-07-02,HQY,199074.6168363468,-0.01564777918165028,-0.1477156277890357
2025-07-03,HQY,200804.33309637822,0.008688783570300007,-0.1403103133385456
2025-07-07,HQY,200155.68949886644,-0.0032302270947532907,-0.14308730625747934
2025-07-08,HQY,202691.2962891398,0.012668172444269876,-0.13223178848346528
2025-07-09,HQY,196519.35417948215,-0.03044996121024046,-0.15865529686362345
2025-07-10,HQY,191035.3674005188,-0.02790558111622332,-0.18213350972370046
2025-07-11,HQY,185787.25102065064,-0.02747196213602221,-0.2046019069768924
2025-07-14,HQY,191330.2053993878,0.029834955564959964,-0.18087124021509415
2025-07-15,HQY,189050.1248748009,-0.011916991986850145,-0.19063279108164932
2025-07-16,HQY,191978.8489968996,0.015491786234144156,-0.1780942472961603
2025-07-17,HQY,196794.5363117599,0.02508446810689069,-0.15747717865559085
2025-07-18,HQY,192037.81659667342,-0.024170994806232526,-0.17784179339443895
2025-07-21,HQY,190819.1528680149,-0.006345957011258951,-0.1830591740300116
2025-07-22,HQY,191467.7964655267,0.0033992583436341928,-0.18028218111107763
2025-07-23,HQY,190485.0031359634,-0.005132943229647857,-0.1844897461397652
2025-07-24,HQY,185512.06888837297,-0.026106696935300766,-0.20578002518492466
2025-07-25,HQY,188774.9427425232,0.01758847213392678,-0.1918109092896817
2025-07-28,HQY,188224.57847796776,-0.002915451895043719,-0.19416714570574678
2025-07-29,HQY,188244.234344559,0.00010442773600649602,-0.19408299440517318
2025-07-30,HQY,194199.9619217127,0.03163830009397506,-0.16858515033132626
2025-07-31,HQY,190661.90593528474,-0.018218623481781382,-0.18373238443460171
2025-08-01,HQY,178986.32118007247,-0.06123711340206184,-0.2337182569754106
2025-08-04,HQY,179163.22397939386,0.0009883593235229249,-0.23296089527024688
2025-08-05,HQY,178888.0418471161,-0.0015359297860669807,-0.23413901347827948
2025-08-06,HQY,178770.10664756852,-0.0006592682122843474,-0.23464392128172196
2025-08-07,HQY,180519.47877419126,0.009785596481583392,-0.22715445553065794
2025-08-08,HQY,182897.83863173448,0.01317508710801385,-0.2169721481612339
2025-08-11,HQY,181738.14250284978,-0.0063406770553465774,-0.2219370748950853
2025-08-12,HQY,182760.24756559567,0.005624053644819549,-0.21756120726524997
2025-08-13,HQY,175467.9210602358,-0.03990105399010546,-0.24878133977811223
2025-08-14,,175467.9210602358,0.0,-0.24878133977811223
2025-08-15,INTC,171794.21676021555,-0.02093661495401833,-0.26450931561345137
2025-08-18,INTC,165498.8260808917,-0.03664495114006505,-0.2914613358067695
2025-08-19,INTC,177040.3756596521,0.06973795435333896,-0.24204929878568615
2025-08-20,INTC,164659.44065698187,-0.06993283287238239,-0.2950549384992118
2025-08-21,INTC,164379.6455156786,-0.001699235344095107,-0.29625280606335924
2025-08-22,INTC,173472.98760803527,0.05531914893617018,-0.25732211022856644
2025-08-25,INTC,171724.26797488975,-0.01008064516129037,-0.26480878250448814
2025-08-26,INTC,170325.29226837333,-0.008146639511201648,-0.27079812032522554
2025-08-27,INTC,173822.73153466437,0.02053388090349073,-0.25582477577338214
2025-08-28,INTC,174382.32181727092,0.0032193158953721657,-0.2534290406450872
2025-08-29,INTC,170325.29226837333,-0.023265142398716354,-0.27079812032522554
2025-09-02,INTC,169346.00927381183,-0.005749486652977476,-0.2749906567997418
2025-09-03,INTC,167877.08478196958,-0.00867410161090465,-0.28127946151151606
2025-09-04,INTC,172143.96068684463,0.025416666666666643,-0.2630119811582672
2025-09-05,INTC,171304.57526293478,-0.004876066639577403,-0.26660558385070954
2025-09-08,INTC,171234.62647760898,-0.0004083299305838173,-0.2669050507417463
2025-09-09,INTC,170954.8313363057,-0.0016339869281045694,-0.2681029183058937
2025-09-10,INTC,173263.14125205777,0.01350245499181657,-0.2582205109016772
2025-09-11,INTC,172143.96068684466,-0.00645942672587807,-0.26301198115826707
2025-09-12,INTC,168436.67506457615,-0.02153596099146693,-0.2788837263832211
2025-09-15,INTC,173263.1412520578,0.028654485049834033,-0.2582205109016771
2025-09-16,INTC,176760.58051834884,0.020185708518368983,-0.24324716634983368
2025-09-17,INTC,174172.47546129348,-0.014641867827463462,-0.25432744131819773
2025-09-18,INTC,213833.4367410338,0.227710843373494,-0.08452971410029342
2025-09-19,INTC,206908.50699377756,-0.03238469087340534,-0.11417693631294334
2025-09-22,INTC,201172.70659706029,-0.02772143340094646,-0.1387332213779664
2025-09-23,INTC,205229.73614595787,0.02016689847009734,-0.12136414169782817
2025-09-24,INTC,218380.10778721215,0.06407634628493519,-0.0650643661828969
2025-09-25,INTC,237755.92132246454,0.08872517616912257,0.0
2025-09-26,INTC,248318.18790666346,0.04442483083259785,0.0
2025-09-29,INTC,241183.41180342974,-0.028732394366197234,-0.028732394366197234
2025-09-30,INTC,234678.1747681284,-0.026972157772621852,-0.05492957746478877
2025-10-01,INTC,251395.93446099953,0.07123695976154987,0.0
2025-10-02,INTC,260908.96926531114,0.037840845854201444,0.0
2025-10-03,INTC,257621.37635499757,-0.012600536193029477,-0.012600536193029477
2025-10-06,INTC,255942.6055071779,-0.006516426825956989,-0.019034852546916725
2025-10-07,INTC,259999.63505607547,0.015851325498769997,-0.0034852546916890326
2025-10-08,INTC,261818.30347454676,0.006994888350820405,0.0
2025-10-09,INTC,264406.4085316021,0.009885118888592004,0.0
2025-10-10,INTC,254403.73223000974,-0.03783068783068788,-0.03783068783068788
2025-10-13,INTC,260349.3789827045,0.02337091009073422,-0.015343915343915437
2025-10-14,INTC,249227.52211589905,-0.04271896829661459,-0.05740740740740735
2025-10-15,INTC,259859.73748542374,0.042660679202918717,-0.01719576719576732
2025-10-16,INTC,257691.32514032332,-0.008344549125168133,-0.02539682539682553
2025-10-17,INTC,258880.45449086223,0.0046145494028229095,-0.020899470899471084
2025-10-20,INTC,266504.8720913767,0.029451499594704167,0.0
2025-10-21,INTC,266644.7696620283,0.0005249343832018916,0.0
2025-10-22,INTC,258250.91542292983,-0.03147953830010486,-0.03147953830010486
2025-10-23,INTC,266924.56480333157,0.03358613217768136,0.0
2025-10-24,INTC,267763.95022724144,0.003144654088050425,0.0
2025-10-27,INTC,276577.4971782948,0.03291536050156729,0.0
2025-10-28,INTC,290497.30545813317,0.050328780981284904,0.0
2025-10-29,INTC,289168.2785369426,-0.0045750060197446984,-0.004575006019744587
2025-10-30,INTC,280914.3218684957,-0.028543783260764566,-0.03298820130026492
2025-10-31,INTC,279725.19251795684,-0.004233067729083495,-0.03708162773898371
2025-11-03,INTC,276297.7020369916,-0.012253063265816544,-0.04888032747411497
2025-11-04,INTC,259020.3520615139,-0.06253164556962021,-0.10835540573079694
2025-11-05,INTC,268463.4380804997,0.036456926816095026,-0.07584878401155781
2025-11-06,INTC,260489.27655335615,-0.02970297029702973,-0.10329882013002634
2025-11-07,INTC,266714.71844735416,0.023899033297529515,-0.08186852877437989
2025-11-10,INTC,268953.0795777804,0.008392341987935925,-0.07416325547796776
2025-11-11,INTC,264965.9988142086,-0.014824447334200297,-0.08788827353720208
2025-11-12,INTC,265035.9475995344,0.000263991552270193,-0.08764748374668929
2025-11-13,INTC,251186.08810502192,-0.05225653206650838,-0.13532386226824
2025-11-14,HL,256377.6636044229,0.020668244561499627,-0.11745252438710696
2025-11-17,HL,245490.3929582077,-0.042465753424657526,-0.15493056787203807
2025-11-18,HL,246895.20207384837,0.005722460658083017,-0.1500946912933373
2025-11-19,HL,247773.2077711238,0.0035561877667140696,-0.14707226843164922
2025-11-20,HL,231969.10522016624,-0.06378454996456406,-0.20147587994203298
2025-11-21,HL,234954.32459090266,0.012869038607115746,-0.1911996422122939
2025-11-24,HL,253919.24765205177,0.08071748878923768,-0.12591530839983323
2025-11-25,HL,263050.50690371613,0.03596127247579517,-0.09448211063827816
2025-11-26,HL,280435.01970976946,0.06608811748998655,-0.034638137976856
2025-11-28,HL,295361.1165634516,0.05322479649342515,0.0
2025-12-01,HL,300277.948468194,0.01664684898929858,0.0
2025-12-02,HL,307653.1963253075,0.024561403508771784,0.0
2025-12-03,HL,304843.57809402613,-0.0091324200913242,-0.0091324200913242
2025-12-04,HL,295361.1165634516,-0.031105990783410142,-0.03995433789954339
2025-12-05,HL,297995.13365527784,0.008917954815695461,-0.031392694063926974
2025-12-08,HL,278327.8060363084,-0.06599882144961688,-0.09531963470319638
2025-12-09,HL,298521.9370736431,0.0725552050473186,-0.029680365296803735
2025-12-10,HL,301858.3587232897,0.011176470588235343,-0.018835616438356184
2025-12-11,HL,339788.20484558784,0.12565445026178002,0.0
2025-12-12,HL,330305.74331501324,-0.027906976744186185,-0.027906976744186185
2025-12-15,HL,330832.5467333785,0.0015948963317384823,-0.026356589147287002
2025-12-16,HL,333993.36724357,0.009554140127388422,-0.01705426356589168
2025-12-17,HL,340841.8116823183,0.020504731861198833,0.0
2025-12-18,HL,334168.9683830251,-0.019577537351880392,-0.019577537351880503
2025-12-19,HL,345407.4413081504,0.03363110877561737,0.0
2025-12-22,HL,360860.3415801978,0.04473817996949658,0.0
2025-12-23,HL,356470.3130938207,-0.012165450121654486,-0.012165450121654486
2025-12-24,HL,348217.0595394317,-0.023152709359606005,-0.0350364963503651
2025-12-26,HL,354714.3016992698,0.01865859808371151,-0.017031630170316503
2025-12-29,HL,337154.18775376136,-0.04950495049504955,-0.06569343065693456
2025-12-30,HL,342246.6207979588,0.015104166666666696,-0.05158150851581533
2025-12-31,HL,336978.5866143064,-0.015392508978963382,-0.0661800486618005
2026-01-02,HL,331359.3501517437,-0.016675351745700895,-0.08175182481751819
2026-01-05,HL,346461.04814488086,0.045574986751457214,-0.03990267639902689
2026-01-06,HL,391063.7375664722,0.12873796249366443,0.0
2026-01-07,HL,375259.6350155147,-0.04041311180960927,-0.04041311180960927
2026-01-08,HL,368937.9939951317,-0.016846045858680325,-0.05657835653345289
2026-01-09,HL,394224.55807666376,0.06853879105187999,0.0
2026-01-12,HL,429520.38710713567,0.08953229398663698,0.0
2026-01-13,HL,426886.37001530937,-0.00613246116107935,-0.006132461161079461
2026-01-14,HL,417930.7119031001,-0.020979020979020935,-0.02698282910874905
2026-01-15,HL,442866.073705722,0.0596638655462185,0.0
2026-01-16,HL,466045.4241137931,0.05233941316415547,0.0
2026-01-20,HL,495897.6178211574,0.06405425772418982,0.0
2026-01-21,HL,507136.0907462827,0.022662889518413554,0.0
2026-01-22,HL,549455.965354958,0.08344875346260383,0.0
2026-01-23,HL,558587.2246066224,0.01661872802812403,0.0
2026-01-26,HL,526276.6149468869,-0.057843445457403275,-0.057843445457403275
2026-01-27,HL,497126.825797343,-0.055388722055388695,-0.1100282929896258
2026-01-28,HL,477459.4981783736,-0.03956199222889434,-0.14523734674630606
2026-01-29,HL,462182.19904578134,-0.031997057741816826,-0.17258723671801302
2026-01-30,HL,395453.7660528494,-0.1443768996960486,-0.2920465262496068
2026-02-02,LITE,408045.76787313365,0.031841906440717604,-0.2695039379740658
2026-02-03,LITE,419301.67115771683,0.02758490387794632,-0.2493532743198621
2026-02-04,LITE,448636.40540281194,0.06996092852217872,-0.19683733239914647
2026-02-05,LITE,486104.68619943806,0.08351591699961336,-0.12976046571460553
2026-02-06,LITE,531947.436135022,0.0943063320248998,-0.047691367253092976
2026-02-09,LITE,556193.8853336617,0.04558053587927313,-0.004284629450031052
2026-02-10,LITE,540755.5659313481,-0.027757082214329043,-0.031922782852457754
2026-02-11,LITE,553264.2666705509,0.023131894569885736,-0.009529322729892487
2026-02-12,LITE,562274.7714403158,0.016286077580951464,0.0
2026-02-13,LITE,542307.1073943771,-0.035512288760155,-0.035512288760155
2026-02-17,LITE,578618.9597713542,0.06695809787823848,0.0
2026-02-18,LITE,572682.6272171563,-0.010259485027147575,-0.010259485027147464
2026-02-19,LITE,612560.1338880511,0.0696328206508936,0.0
2026-02-20,LITE,643523.5048241519,0.05054747970549367,0.0
2026-02-23,LITE,650230.7896581158,0.010422750348173748,0.0
2026-02-24,LITE,663279.1569931549,0.02006728617372877,0.0
2026-02-25,LITE,697123.962074881,0.051026486698533935,0.0
2026-02-26,LITE,652418.3667519519,-0.06412861665215164,-0.06412861665215153
2026-02-27,LITE,675460.2030134572,0.03531757754800591,-0.031075906495804384
2026-03-02,LITE,754810.4664083697,0.11747585281990558,0.0
2026-03-03,LITE,669215.4895473529,-0.11339929779763813,-0.11339929779763813
2026-03-04,LITE,656080.3900808402,-0.019627608254251694,-0.13080114905841045
2026-03-05,LITE,627188.9533966106,-0.04403642773207972,-0.16907756144270658
2026-03-06,LITE,538163.2388906352,-0.14194400909621707,-0.2870220236195339
2026-03-09,AAOI,645464.342572665,0.19938393395881016,-0.14486566986280502
2026-03-10,AAOI,703055.4930083203,0.08922437172301567,-0.06856684651753198
2026-03-11,AAOI,741099.4951198171,0.05411237447091044,-0.018164786921667675
2026-03-12,AAOI,619615.4270275834,-0.16392410046453043,-0.17911124102993392
2026-03-13,AAOI,564883.4117199393,-0.088332234673698,-0.2516221795282785
2026-03-16,,564883.4117199393,0.0,-0.2516221795282785
2026-03-17,,564883.4117199393,0.0,-0.2516221795282785
2026-03-18,,564883.4117199393,0.0,-0.2516221795282785
2026-03-19,TRGP,571323.5154926621,0.011400766315856403,-0.24309009888111033
2026-03-20,,571323.5154926621,0.0,-0.24309009888111033
2026-03-23,,571323.5154926621,0.0,-0.24309009888111033
2026-03-24,,571323.5154926621,0.0,-0.24309009888111033
2026-03-25,,571323.5154926621,0.0,-0.24309009888111033
2026-03-26,,571323.5154926621,0.0,-0.24309009888111033
2026-03-27,,571323.5154926621,0.0,-0.24309009888111033
2026-03-30,,571323.5154926621,0.0,-0.24309009888111033
2026-03-31,,571323.5154926621,0.0,-0.24309009888111033
2026-04-01,,571323.5154926621,0.0,-0.24309009888111033
2026-04-02,,571323.5154926621,0.0,-0.24309009888111033
2026-04-06,,571323.5154926621,0.0,-0.24309009888111033
2026-04-07,,571323.5154926621,0.0,-0.24309009888111033
2026-04-08,,571323.5154926621,0.0,-0.24309009888111033
2026-04-09,,571323.5154926621,0.0,-0.24309009888111033
2026-04-10,,571323.5154926621,0.0,-0.24309009888111033
2026-04-13,DOCN,594742.362585429,0.040990518432577394,-0.21206396962749618
2026-04-14,DOCN,546936.6036296452,-0.08038061850507072,-0.2753987550912682
2026-04-15,DOCN,578658.1820021746,0.057998638529611846,-0.23337286940969992
2026-04-16,DOCN,658483.3745264742,0.1379487839402911,-0.12761758900913334
2026-04-17,DOCN,637633.5108074406,-0.03166346262580588,-0.15524023687495303
2026-04-20,DOCN,666972.2476120804,0.04601191171318453,-0.11637122523519272
2026-04-21,DOCN,705246.6402963061,0.057385285251758456,-0.0656639359386525
2026-04-22,DOCN,711278.2080150264,0.008552423186569458,-0.057673098520326205
2026-04-23,DOCN,713809.977180909,0.0035594639865996758,-0.05431891985090531
2026-04-24,DOCN,708969.8302461334,-0.006780721886083918,-0.060731320248327725
2026-04-27,DOCN,736819.2910708424,0.039281588068480255,-0.023835354884697235
2026-04-28,DOCN,702789.3349294199,-0.046184941889843456,-0.06891946229426715
2026-04-29,DOCN,721330.8208795604,0.02638270820089006,-0.04435503615644887
